{"cameraMode":{"drawMode":0,"name":"Shaded","section":"Shading Mode"},"sceneLighting":false,"audioPlay":false,"sceneViewState":{"m_AlwaysRefresh":false,"showFog":true,"showSkybox":false,"showFlares":true,"showImageEffects":true,"showParticleSystems":true,"showVisualEffectGraphs":true,"m_FxEnabled":true},"in2DMode":false,"pivot":{"x":0.13348418474197389,"y":-0.022873997688293458,"z":-0.024002671241760255},"rotation":{"x":0.26321569085121157,"y":0.017364121973514558,"z":-0.0047383988276124,"w":0.9645690321922302},"size":1.5972075462341309,"orthographic":true}