{"cameraMode":{"drawMode":0,"name":"Shaded","section":"Shading Mode"},"sceneLighting":false,"audioPlay":false,"sceneViewState":{"m_AlwaysRefresh":false,"showFog":true,"showSkybox":false,"showFlares":true,"showImageEffects":true,"showParticleSystems":true,"showVisualEffectGraphs":true,"m_FxEnabled":true},"in2DMode":false,"pivot":{"x":-1.0893056392669678,"y":-0.3386974334716797,"z":20.44381332397461},"rotation":{"x":0.1263839602470398,"y":0.052054550498723987,"z":-0.006641386542469263,"w":0.9905944466590881},"size":6.729818344116211,"orthographic":false}