{"cameraMode":{"drawMode":0,"name":"Shaded","section":"Shading Mode"},"sceneLighting":false,"audioPlay":false,"sceneViewState":{"m_AlwaysRefresh":false,"showFog":true,"showSkybox":false,"showFlares":true,"showImageEffects":true,"showParticleSystems":true,"showVisualEffectGraphs":true,"m_FxEnabled":true},"in2DMode":false,"pivot":{"x":0.000568002462387085,"y":-0.009050726890563965,"z":3.014882802963257},"rotation":{"x":0.3204769492149353,"y":0.1399715393781662,"z":-0.047943878918886188,"w":0.9356312155723572},"size":0.6136499047279358,"orthographic":false}