{"cameraMode":{"drawMode":0,"name":"Shaded","section":"Shading Mode"},"sceneLighting":false,"audioPlay":false,"sceneViewState":{"m_AlwaysRefresh":false,"showFog":false,"showSkybox":false,"showFlares":false,"showImageEffects":false,"showParticleSystems":false,"showVisualEffectGraphs":true,"m_FxEnabled":true},"in2DMode":false,"pivot":{"x":-0.010009527206420899,"y":1.0610888004302979,"z":0.08086344599723816},"rotation":{"x":0.29357248544692995,"y":0.43647968769073489,"z":-0.15317240357398988,"w":0.8365638852119446},"size":1.7804330587387086,"orthographic":false}