{"cameraMode":{"drawMode":0,"name":"Shaded","section":"Shading Mode"},"sceneLighting":false,"audioPlay":false,"sceneViewState":{"m_AlwaysRefresh":false,"showFog":true,"showSkybox":false,"showFlares":true,"showImageEffects":true,"showParticleSystems":true,"showVisualEffectGraphs":true,"m_FxEnabled":true},"in2DMode":false,"pivot":{"x":-0.04091282933950424,"y":0.47495439648628237,"z":2.0137453079223635},"rotation":{"x":0.21071040630340577,"y":-0.02932141162455082,"z":0.0063233403488993649,"w":0.9770902991294861},"size":0.33669301867485049,"orthographic":false}