{"cameraMode":{"drawMode":0,"name":"Shaded","section":"Shading Mode"},"sceneLighting":false,"audioPlay":false,"sceneViewState":{"m_AlwaysRefresh":false,"showFog":true,"showSkybox":false,"showFlares":true,"showImageEffects":true,"showParticleSystems":true,"showVisualEffectGraphs":true,"m_FxEnabled":true},"in2DMode":false,"pivot":{"x":-0.013292819261550904,"y":-0.013522177934646607,"z":-0.3619348108768463},"rotation":{"x":0.10505624860525131,"y":0.5971558094024658,"z":-0.07928554713726044,"w":0.791252851486206},"size":2.755713701248169,"orthographic":false}