{"cameraMode":{"drawMode":0,"name":"Shaded","section":"Shading Mode"},"sceneLighting":false,"audioPlay":false,"sceneViewState":{"m_AlwaysRefresh":false,"showFog":true,"showSkybox":false,"showFlares":true,"showImageEffects":true,"showParticleSystems":true,"showVisualEffectGraphs":true,"m_FxEnabled":true},"in2DMode":false,"pivot":{"x":-0.04901111498475075,"y":0.8644930124282837,"z":2.5293383598327638},"rotation":{"x":0.4262886345386505,"y":0.00678445165976882,"z":-0.003197071375325322,"w":0.9045583605766296},"size":1.7663872241973878,"orthographic":false}